baseline,count,safety_violations,composite_mean,composite_std,detection_mean,detection_std,root_cause_mean,root_cause_std,intervention_mean,intervention_std,evidence_mean,evidence_std,calibration_mean,calibration_std,efficiency_mean,efficiency_std
noop,200,0,0.149753,0.0,0.0,0.0,0.0,0.0,0.0,0.0,0.0,0.0,0.5,0.0,0.997533,0.0
oracle,200,0,0.990263,0.002331,1.0,0.0,1.0,0.0,0.978367,0.00777,1.0,0.0,0.9999,0.0,0.967633,0.0
random,200,67,0.483997,0.14844,0.593911,0.381598,0.465167,0.317478,0.259652,0.346013,0.467143,0.137552,0.668456,0.218215,0.949917,0.0
threshold,200,0,0.779695,0.154757,0.643858,0.180585,0.7915,0.282509,0.697694,0.27131,0.888889,0.0,0.843331,0.064232,0.978417,0.0
topology_rca,200,0,0.82052,0.145286,0.643858,0.180585,0.858333,0.245374,0.735663,0.266345,0.971,0.07042,0.888604,0.158534,0.970658,0.0
