baseline,seed,count,safety_violations,composite_mean,composite_std,detection_mean,detection_std,root_cause_mean,root_cause_std,intervention_mean,intervention_std,evidence_mean,evidence_std,calibration_mean,calibration_std,efficiency_mean,efficiency_std
noop,20260520,200,0,0.149753,0.0,0.0,0.0,0.0,0.0,0.0,0.0,0.0,0.0,0.5,0.0,0.997533,0.0
oracle,20260520,200,0,0.990263,0.002331,1.0,0.0,1.0,0.0,0.978367,0.00777,1.0,0.0,0.9999,0.0,0.967633,0.0
random,20260520,200,67,0.483042,0.148364,0.593911,0.381598,0.459833,0.319467,0.259652,0.346013,0.467143,0.137552,0.668456,0.218215,0.949917,0.0
threshold,20260520,200,0,0.777728,0.155623,0.643858,0.180585,0.781667,0.295762,0.697694,0.27131,0.888889,0.0,0.843331,0.064232,0.978417,0.0
topology_rca,20260520,200,0,0.839996,0.147507,0.643858,0.180585,0.891167,0.245368,0.768674,0.270721,0.971,0.07042,0.918662,0.135456,0.970658,0.0
