baseline,count,safety_violations,composite_mean,composite_std,detection_mean,detection_std,root_cause_mean,root_cause_std,intervention_mean,intervention_std,evidence_mean,evidence_std,calibration_mean,calibration_std,efficiency_mean,efficiency_std
noop,2500,0,0.149753,0.0,0.0,0.0,0.0,0.0,0.0,0.0,0.0,0.0,0.5,0.0,0.997533,0.0
oracle,2500,0,0.990363,0.002301,1.0,0.0,1.0,0.0,0.978698,0.007669,1.0,0.0,0.9999,0.0,0.967633,0.0
random,2500,1038,0.469287,0.142717,0.569038,0.39322,0.476747,0.317835,0.2206,0.319147,0.472,0.136096,0.670051,0.215331,0.949917,0.0
threshold,2500,0,0.760662,0.165973,0.635314,0.189168,0.76044,0.293728,0.66136,0.296143,0.888889,0.0,0.836935,0.065636,0.978417,0.0
topology_rca,2500,0,0.813884,0.147841,0.635314,0.189168,0.84912,0.250989,0.724626,0.269392,0.974,0.067261,0.882097,0.162248,0.970658,0.0
