baseline,count,safety_violations,composite_mean,composite_std,detection_mean,detection_std,root_cause_mean,root_cause_std,intervention_mean,intervention_std,evidence_mean,evidence_std,calibration_mean,calibration_std,efficiency_mean,efficiency_std
noop,500,0,0.149753,0.0,0.0,0.0,0.0,0.0,0.0,0.0,0.0,0.0,0.5,0.0,0.997533,0.0
oracle,500,0,0.990288,0.002268,1.0,0.0,1.0,0.0,0.978448,0.007558,1.0,0.0,0.9999,0.0,0.967633,0.0
random,500,195,0.481514,0.146209,0.595719,0.390153,0.488367,0.329866,0.244653,0.342901,0.467429,0.137471,0.664005,0.206,0.949917,0.0
threshold,500,0,0.775815,0.158152,0.646686,0.186216,0.777067,0.298877,0.693282,0.277063,0.888889,0.0,0.842392,0.063894,0.978417,0.0
topology_rca,500,0,0.833301,0.154657,0.646686,0.186216,0.875733,0.258856,0.756574,0.281892,0.9724,0.06898,0.912534,0.141316,0.970658,0.0
