view,count,composite_mean,composite_ci_low,composite_ci_high,detection_mean,root_cause_mean,intervention_mean,evidence_mean,calibration_mean,safety_violations
full-view,2500,0.938729,0.937136,0.940149,0.9422443868,1.0,0.9617792052,0.794150854,0.99269384,0
no-evidence,2500,0.493258,0.489025,0.497577,0.1004755088,0.8664399744,0.3786983696,0.0406856736,0.9320579999999999,0
no-manuals,2500,0.94064,0.938909,0.942152,0.9530673639999999,0.99872,0.9635339216000001,0.7926000688,0.9893881800000001,0
no-topology,2500,0.934569,0.93248,0.936509,0.92863194,1.0,0.9534823112,0.796270856,0.9924086400000001,0
