baseline,count,safety_violations,composite_seed_sd,composite_mean,composite_ci_low,composite_ci_high,detection_mean,detection_ci_low,detection_ci_high,root_cause_mean,root_cause_ci_low,root_cause_ci_high,intervention_mean,intervention_ci_low,intervention_ci_high,evidence_mean,evidence_ci_low,evidence_ci_high,calibration_mean,calibration_ci_low,calibration_ci_high,efficiency_mean,efficiency_ci_low,efficiency_ci_high
oracle,2500,0,0.00011493833136596057,0.990363,0.99027,0.990459,1.0,1.0,1.0,1.0,1.0,1.0,0.978698,0.978405,0.979019,1.0,1.0,1.0,0.9999,0.9999,0.9999,0.967633,0.967633,0.967633
topology_rca,2500,0,0.007431727509234647,0.813884,0.808071,0.819291,0.635314,0.627926,0.642512,0.84912,0.839147,0.85956,0.724626,0.71346,0.735343,0.974,0.9712,0.97664,0.882097,0.875381,0.887858,0.970658,0.970658,0.970658
threshold,2500,0,0.005161715825663534,0.760662,0.754309,0.767627,0.635314,0.627963,0.643244,0.76044,0.750133,0.772627,0.66136,0.649894,0.673275,0.888889,0.888889,0.888889,0.836935,0.834341,0.839365,0.978417,0.978417,0.978417
random,2500,1038,0.005202820479210745,0.469287,0.463717,0.474671,0.569038,0.553947,0.584582,0.476747,0.46448,0.48928,0.2206,0.208567,0.233923,0.472,0.466743,0.477486,0.670051,0.661654,0.678167,0.949917,0.949917,0.949917
noop,2500,0,0.0,0.149753,0.149753,0.149753,0.0,0.0,0.0,0.0,0.0,0.0,0.0,0.0,0.0,0.0,0.0,0.0,0.5,0.5,0.5,0.997533,0.997533,0.997533
