baseline,count,safety_violations,composite_seed_sd,composite_mean,composite_ci_low,composite_ci_high,detection_mean,detection_ci_low,detection_ci_high,root_cause_mean,root_cause_ci_low,root_cause_ci_high,intervention_mean,intervention_ci_low,intervention_ci_high,evidence_mean,evidence_ci_low,evidence_ci_high,calibration_mean,calibration_ci_low,calibration_ci_high,efficiency_mean,efficiency_ci_low,efficiency_ci_high
gemma4:26b,2500,0,0.0017122674668149356,0.938729,0.937162,0.94019,0.942244,0.937534,0.947496,1.0,1.0,1.0,0.961779,0.959592,0.963868,0.794151,0.789187,0.79884,0.992694,0.992563,0.992834,0.904669,0.904575,0.904769
gemma4:e4b,2500,0,0.005824845503474972,0.887737,0.885189,0.890242,0.861424,0.853619,0.868877,1.0,1.0,1.0,0.934324,0.930105,0.938189,0.594736,0.586886,0.603821,0.984176,0.981383,0.986769,0.905976,0.905816,0.90613
qwen3.5:9b,2500,0,0.005198179970807299,0.827409,0.821888,0.832932,0.608479,0.592166,0.62557,1.0,1.0,1.0,0.751604,0.740062,0.762616,0.803287,0.798257,0.808024,0.99205,0.991894,0.992201,0.909576,0.909467,0.90969
qwen3.5:4b,2500,0,0.00472838336588929,0.813331,0.807553,0.818838,0.563361,0.548752,0.57761,1.0,1.0,1.0,0.744117,0.733555,0.755234,0.785788,0.780893,0.790768,0.967509,0.963877,0.971104,0.909726,0.90966,0.909783
granite4.1:8b,2500,0,0.003403758633896061,0.659289,0.654122,0.664464,0.177337,0.165786,0.189109,0.978853,0.973653,0.9844,0.447746,0.437652,0.458989,0.746768,0.741829,0.751481,0.98652,0.98395,0.989096,0.919273,0.919211,0.919333
granite4.1:3b,2500,0,0.004487162344804878,0.603035,0.597831,0.608541,0.113253,0.101699,0.125689,0.909093,0.89944,0.919013,0.371484,0.362408,0.380428,0.793227,0.78847,0.798018,0.818526,0.807423,0.829139,0.919463,0.919409,0.919518
gemma4:e2b,2500,1216,0.0037221578043967105,0.535226,0.531476,0.539104,0.0008,0.0,0.002,0.848307,0.83384,0.86112,0.223026,0.217505,0.228678,0.801754,0.798492,0.805349,0.970905,0.966747,0.974946,0.906711,0.906632,0.906787
